id,first_name,last_name,email,gender,ip_address
1,Ingmar,Swinburn,iswinburn0@cbslocal.com,Male,161.196.74.228
2,Porty,Plewman,pplewman1@guardian.co.uk,Male,208.47.189.146
3,Gardener,Heintz,gheintz2@de.vu,Male,117.59.189.115
4,Vinny,Stafford,vstafford3@yellowpages.com,Male,229.30.220.135
5,Hy,Hadaway,hhadaway4@naver.com,Male,89.3.129.219
6,Theobald,Twyning,ttwyning5@ustream.tv,Male,126.184.94.227
7,Evered,Boken,eboken6@webnode.com,Male,38.225.3.207
8,Pavlov,Wigzell,pwigzell7@surveymonkey.com,Male,236.247.164.242
9,Layla,Ribou,lribou8@feedburner.com,Female,194.15.64.78
10,Gaile,Lawie,glawie9@cnbc.com,Male,174.170.139.103
11,Alexine,Cornhill,acornhilla@tuttocitta.it,Female,110.177.40.255
12,Terri,Shergold,tshergoldb@globo.com,Male,123.104.3.202
13,Wilbur,Rickasse,wrickassec@ebay.co.uk,Male,202.122.171.197
14,Franchot,Stollard,fstollardd@devhub.com,Male,22.205.92.185
15,Antonie,Hathaway,ahathawaye@drupal.org,Female,32.33.59.163
16,Hendrik,Kernan,hkernanf@ebay.com,Male,48.31.19.141
17,Troy,Lehrahan,tlehrahang@icq.com,Male,165.92.158.172
18,Bride,Corrison,bcorrisonh@businessinsider.com,Female,192.150.131.220
19,North,Kirdsch,nkirdschi@studiopress.com,Male,120.127.144.56
20,Kaile,Beardon,kbeardonj@marriott.com,Female,42.59.124.129
21,Edsel,Churchlow,echurchlowk@vinaora.com,Male,35.68.220.253
22,Star,Kellick,skellickl@yellowbook.com,Female,252.169.80.212
23,Locke,Driussi,ldriussim@tiny.cc,Male,5.71.203.188
24,Timofei,Cole,tcolen@macromedia.com,Male,90.15.162.151
25,Carolynn,Pedron,cpedrono@businesswire.com,Female,123.197.10.224
26,Patten,Hamlyn,phamlynp@abc.net.au,Male,54.77.138.180
27,Uta,Szymanowski,uszymanowskiq@arizona.edu,Female,202.35.119.108
28,Gayle,Evill,gevillr@timesonline.co.uk,Female,145.143.193.207
29,Jojo,Stroton,jstrotons@washingtonpost.com,Female,227.98.74.176
30,Manuel,Rabat,mrabatt@pen.io,Male,255.40.28.138
31,Darice,Jochens,djochensu@amazon.com,Female,1.69.13.201
32,Cheri,Kissell,ckissellv@mlb.com,Female,57.214.217.7
33,Farlee,Iashvili,fiashviliw@apple.com,Male,97.188.94.9
34,Keir,Nutbrown,knutbrownx@unicef.org,Male,96.82.187.13
35,Silva,Craven,scraveny@ovh.net,Female,174.181.9.86
36,Ardelia,Sansome,asansomez@friendfeed.com,Female,112.109.109.231
37,Angelo,Sayre,asayre10@tmall.com,Male,105.173.117.28
38,Shaina,Dalli,sdalli11@dyndns.org,Female,34.209.46.138
39,Idell,Dalling,idalling12@clickbank.net,Agender,152.201.36.21
40,Brigitta,Tranter,btranter13@tiny.cc,Female,126.215.204.71
41,Kit,Dowsing,kdowsing14@soup.io,Male,1.115.65.38
42,Darcy,Milliken,dmilliken15@last.fm,Male,153.175.79.255
43,Brenda,Burgum,bburgum16@ibm.com,Female,139.122.43.153
44,Petunia,Worral,pworral17@spiegel.de,Female,194.254.15.15
45,Carmelita,Strudwick,cstrudwick18@wikimedia.org,Female,211.106.233.6
46,Farley,Griss,fgriss19@upenn.edu,Male,49.1.45.116
47,Allx,Willeman,awilleman1a@epa.gov,Female,174.243.178.195
48,Derwin,Ducker,dducker1b@hatena.ne.jp,Male,82.6.161.141
49,Doe,Lilion,dlilion1c@dyndns.org,Female,96.188.124.216
50,Marthena,World,mworld1d@google.it,Female,217.253.250.144
51,Renato,Runge,rrunge1e@economist.com,Male,185.11.18.139
52,Yardley,Mintoft,ymintoft1f@marriott.com,Male,189.122.221.196
53,Dodi,Dalglish,ddalglish1g@prnewswire.com,Female,235.174.112.199
54,Royce,Atcherley,ratcherley1h@marketwatch.com,Male,4.222.196.107
55,Constancia,Ashwell,cashwell1i@ucoz.com,Female,184.66.109.210
56,Warde,Fransoni,wfransoni1j@ucoz.ru,Male,237.35.176.231
57,Evered,Gange,egange1k@ibm.com,Male,116.37.110.56
58,Lory,Bernardo,lbernardo1l@acquirethisname.com,Female,98.147.213.217
59,Abner,Phizacklea,aphizacklea1m@mysql.com,Polygender,194.88.114.247
60,Lisha,Sines,lsines1n@chronoengine.com,Female,109.51.200.119
61,Cody,Powton,cpowton1o@wikimedia.org,Male,89.222.187.131
62,Dacy,Slocombe,dslocombe1p@wordpress.com,Female,114.54.5.151
63,Christian,Gillingham,cgillingham1q@infoseek.co.jp,Female,103.64.104.67
64,Vaughn,Screen,vscreen1r@tiny.cc,Male,24.66.249.29
65,Stanislas,Wattinham,swattinham1s@wiley.com,Male,76.16.150.53
66,Shalna,Waple,swaple1t@odnoklassniki.ru,Female,144.139.229.238
67,Mattheus,Brigdale,mbrigdale1u@google.ru,Non-binary,229.228.81.140
68,Delcine,Jermey,djermey1v@indiegogo.com,Female,62.117.107.117
69,Bevvy,Liger,bliger1w@disqus.com,Female,117.5.95.0
70,Teddy,De la Barre,tdelabarre1x@seesaa.net,Female,196.108.28.123
71,Mahmud,Niblo,mniblo1y@irs.gov,Male,136.23.200.87
72,Ranna,MacNeilage,rmacneilage1z@canalblog.com,Female,135.249.49.70
73,Frederich,Gellion,fgellion20@nationalgeographic.com,Genderfluid,33.45.130.28
74,Judon,Geldard,jgeldard21@nationalgeographic.com,Male,146.11.181.47
75,Beryle,Luckman,bluckman22@accuweather.com,Female,195.1.205.66
76,Penelope,Bedlington,pbedlington23@jimdo.com,Female,243.81.2.65
77,Lindsey,Ilieve,lilieve24@yale.edu,Female,52.44.214.81
78,Dotti,Gowan,dgowan25@miibeian.gov.cn,Female,232.188.160.210
79,Evelin,Casterot,ecasterot26@clickbank.net,Male,107.231.154.94
80,Paolina,Berni,pberni27@vkontakte.ru,Female,205.181.236.19
81,Nikoletta,Tollett,ntollett28@guardian.co.uk,Female,91.240.184.83
82,Evelyn,Reary,ereary29@360.cn,Female,85.134.85.237
83,Tirrell,Devinn,tdevinn2a@gravatar.com,Male,65.238.34.195
84,Laurella,Blenkinsopp,lblenkinsopp2b@biblegateway.com,Female,229.166.78.44
85,Towny,Parfrey,tparfrey2c@about.com,Male,77.198.240.40
86,Keeley,Ivins,kivins2d@google.pl,Non-binary,23.179.24.78
87,Nerissa,Gunnell,ngunnell2e@squarespace.com,Female,170.135.55.105
88,Madison,Ponnsett,mponnsett2f@washingtonpost.com,Bigender,171.168.254.202
89,Fidelio,Studman,fstudman2g@hugedomains.com,Male,255.184.155.53
90,Reginald,Huzzey,rhuzzey2h@redcross.org,Non-binary,72.128.149.204
91,Ortensia,Bosma,obosma2i@ucoz.com,Genderqueer,96.80.24.158
92,Sherlocke,McGeraghty,smcgeraghty2j@homestead.com,Male,90.37.110.178
93,Lulu,Frizzell,lfrizzell2k@wiley.com,Female,121.65.5.178
94,Vittorio,Plesing,vplesing2l@bing.com,Male,101.222.55.232
95,Roddy,Preshous,rpreshous2m@biblegateway.com,Male,209.219.196.186
96,Nathanil,Geldeard,ngeldeard2n@microsoft.com,Male,151.117.138.57
97,Starlin,Tomaszkiewicz,stomaszkiewicz2o@cargocollective.com,Female,59.77.119.58
98,Dominique,Sanpher,dsanpher2p@jalbum.net,Male,150.153.46.69
99,Chrissy,Adams,cadams2q@e-recht24.de,Female,26.156.64.121
100,Winifred,Vargas,wvargas2r@a8.net,Female,158.55.43.108
101,Bibby,Godfery,bgodfery2s@berkeley.edu,Female,133.140.209.219
102,Guss,Fawdry,gfawdry2t@msu.edu,Male,73.209.148.154
103,Cindy,Andrelli,candrelli2u@spotify.com,Female,238.149.42.26
104,Claiborn,Denisovo,cdenisovo2v@indiatimes.com,Male,121.140.184.254
105,Mike,Croan,mcroan2w@usatoday.com,Polygender,194.124.236.176
106,Ottilie,MacCathay,omaccathay2x@theatlantic.com,Female,147.234.95.229
107,Stuart,Hatto,shatto2y@answers.com,Male,237.229.83.172
108,Moshe,Sibbson,msibbson2z@theatlantic.com,Male,58.38.142.25
109,Norah,Ferencz,nferencz30@pbs.org,Female,230.142.184.69
110,Bonni,Godilington,bgodilington31@de.vu,Female,177.86.48.164
111,Mathias,McGibbon,mmcgibbon32@sakura.ne.jp,Male,88.85.0.105
112,Kaitlyn,Cromleholme,kcromleholme33@wired.com,Female,205.193.82.29
113,Tracie,Weond,tweond34@xrea.com,Male,140.111.151.111
114,Calv,Stollhofer,cstollhofer35@tiny.cc,Male,181.85.50.178
115,Frannie,Claricoats,fclaricoats36@hexun.com,Female,8.165.239.54
116,Silvano,Kenson,skenson37@cam.ac.uk,Male,143.171.197.160
117,Orlan,Dast,odast38@topsy.com,Male,201.155.5.222
118,Niccolo,De Michele,ndemichele39@who.int,Male,201.32.233.16
119,Guenevere,Epsly,gepsly3a@tmall.com,Female,59.168.120.104
120,Tammy,Levey,tlevey3b@typepad.com,Female,213.102.172.26
121,Booth,Faiers,bfaiers3c@fc2.com,Male,179.0.23.34
122,Chan,Siveter,csiveter3d@geocities.com,Male,62.219.251.38
123,Cordula,Jedrzejczak,cjedrzejczak3e@sphinn.com,Female,253.223.0.178
124,Alex,Jewis,ajewis3f@narod.ru,Female,243.158.143.247
125,Garreth,Duplain,gduplain3g@barnesandnoble.com,Male,50.54.170.137
126,Allie,Jakes,ajakes3h@blogs.com,Female,239.152.116.73
127,Clyve,Kenwood,ckenwood3i@yolasite.com,Male,45.92.186.125
128,Edsel,Pea,epea3j@berkeley.edu,Male,255.218.145.71
129,Doug,Eringey,deringey3k@un.org,Polygender,233.31.34.190
130,Marcellus,Poynton,mpoynton3l@theglobeandmail.com,Male,162.118.203.125
131,Larine,Sandercock,lsandercock3m@comsenz.com,Female,32.192.51.4
132,Delmar,Pickring,dpickring3n@github.io,Male,193.50.228.108
133,Lanna,Tewes,ltewes3o@opensource.org,Female,46.147.127.205
134,Clare,Rolse,crolse3p@alexa.com,Female,118.86.53.129
135,Dehlia,Blumson,dblumson3q@naver.com,Female,214.118.240.251
136,Clive,Lambdon,clambdon3r@a8.net,Male,219.58.98.242
137,Niko,Pankethman,npankethman3s@deviantart.com,Male,37.87.78.246
138,Meris,Snowding,msnowding3t@cbc.ca,Agender,149.88.81.136
139,Jourdain,Lantaph,jlantaph3u@prweb.com,Male,5.52.168.160
140,Vitia,German,vgerman3v@hugedomains.com,Female,70.216.244.176
141,Sheff,Shackleford,sshackleford3w@nps.gov,Male,153.205.77.70
142,Imojean,Zwicker,izwicker3x@istockphoto.com,Polygender,44.234.236.219
143,Marigold,Bratch,mbratch3y@state.gov,Female,140.110.247.54
144,Abbi,Hazelgrove,ahazelgrove3z@hatena.ne.jp,Female,63.209.154.181
145,Pris,Millier,pmillier40@pbs.org,Female,248.127.206.221
146,Daloris,Mayger,dmayger41@youku.com,Female,16.102.205.47
147,Pattin,Kurton,pkurton42@redcross.org,Male,206.251.126.156
148,Mariana,Screen,mscreen43@economist.com,Female,16.129.5.158
149,Wilhelmina,Dockwra,wdockwra44@foxnews.com,Female,230.104.92.74
150,Yetty,Hun,yhun45@tinyurl.com,Female,170.9.77.223
151,Celia,Duchesne,cduchesne46@state.gov,Female,166.60.178.219
152,Tricia,Dayly,tdayly47@blogger.com,Female,64.217.33.120
153,Paco,Gowrich,pgowrich48@ucsd.edu,Male,153.116.82.254
154,Gus,Kemp,gkemp49@feedburner.com,Male,172.175.217.129
155,Dorette,Tipper,dtipper4a@360.cn,Female,27.69.127.252
156,Gnni,Turbill,gturbill4b@walmart.com,Female,23.82.251.0
157,Remy,Cinelli,rcinelli4c@cocolog-nifty.com,Female,47.225.37.20
158,Renie,Artingstall,rartingstall4d@latimes.com,Female,210.139.131.141
159,Bink,Spare,bspare4e@gravatar.com,Male,171.132.244.106
160,Ulrike,Rilston,urilston4f@shop-pro.jp,Female,209.93.212.64
161,Daryl,Wilber,dwilber4g@cargocollective.com,Female,230.207.133.52
162,Brannon,Sunderland,bsunderland4h@freewebs.com,Male,17.135.13.73
163,Ferrel,Yetts,fyetts4i@woothemes.com,Male,226.57.94.119
164,Loria,Edginton,ledginton4j@typepad.com,Female,86.49.59.172
165,Donalt,Rawstorn,drawstorn4k@list-manage.com,Male,210.90.41.166
166,Berta,Cheine,bcheine4l@digg.com,Female,34.39.52.192
167,Rodina,Easby,reasby4m@sourceforge.net,Female,47.105.101.154
168,Giulietta,Raffles,graffles4n@instagram.com,Female,73.11.56.234
169,Lotti,Yateman,lyateman4o@google.cn,Female,225.159.105.207
170,Juieta,Bending,jbending4p@google.co.uk,Female,86.95.58.20
171,Jaimie,Leeves,jleeves4q@rediff.com,Female,78.188.33.14
172,Gertrud,Ablitt,gablitt4r@wikipedia.org,Female,127.111.155.89
173,Giraldo,Valett,gvalett4s@tumblr.com,Male,99.23.82.126
174,Nollie,Guion,nguion4t@cafepress.com,Male,22.180.105.129
175,Janeva,Fackrell,jfackrell4u@weebly.com,Female,94.230.84.84
176,Hyman,Manoelli,hmanoelli4v@weebly.com,Male,222.66.247.11
177,Kort,Sheekey,ksheekey4w@studiopress.com,Male,67.87.249.189
178,Tyson,Slater,tslater4x@earthlink.net,Male,240.234.36.187
179,Hollyanne,Massel,hmassel4y@howstuffworks.com,Female,216.187.28.76
180,Audie,Greenhead,agreenhead4z@ibm.com,Female,220.175.107.112
181,Mag,Koschke,mkoschke50@slashdot.org,Female,210.232.254.137
182,Edgardo,Pellamonuten,epellamonuten51@google.com.hk,Male,248.50.236.217
183,Roby,Espinay,respinay52@google.it,Female,85.233.36.147
184,Aimee,Verman,averman53@blogger.com,Female,160.235.194.74
185,Tamqrah,Kenrat,tkenrat54@dagondesign.com,Female,136.35.113.75
186,Darius,Kemell,dkemell55@naver.com,Non-binary,21.205.212.115
187,Brendis,Justis,bjustis56@google.nl,Male,237.255.141.175
188,Julio,Winnister,jwinnister57@wikipedia.org,Male,229.117.253.201
189,Rodger,Headington,rheadington58@spiegel.de,Male,184.96.75.185
190,Jean,Wedlock,jwedlock59@linkedin.com,Female,75.179.120.140
191,Raf,McBrady,rmcbrady5a@technorati.com,Female,26.68.58.255
192,Rosemaria,Kobel,rkobel5b@eventbrite.com,Female,97.243.0.19
193,Margret,Hargie,mhargie5c@wikimedia.org,Agender,222.167.195.244
194,Ulrick,Hearl,uhearl5d@yahoo.com,Male,18.80.163.81
195,Babette,Huws,bhuws5e@qq.com,Female,68.106.33.60
196,Sashenka,Neesam,sneesam5f@istockphoto.com,Female,216.162.189.250
197,Malina,Leeb,mleeb5g@senate.gov,Female,18.120.61.9
198,Thedric,Kiddy,tkiddy5h@gov.uk,Male,105.62.83.235
199,Coralie,Dix,cdix5i@hhs.gov,Agender,253.13.176.153
200,Laney,Brient,lbrient5j@sina.com.cn,Female,9.72.251.139
201,Kipper,Kalker,kkalker5k@cnbc.com,Male,188.39.80.22
202,Talia,Fouracres,tfouracres5l@yahoo.com,Female,240.245.64.6
203,Mil,Dilston,mdilston5m@businesswire.com,Female,180.129.226.234
204,Dmitri,Peakman,dpeakman5n@tuttocitta.it,Male,162.5.9.23
205,Paola,Croydon,pcroydon5o@intel.com,Female,146.215.132.15
206,Xylina,Avramovic,xavramovic5p@latimes.com,Female,65.5.20.0
207,Anthe,Ianiello,aianiello5q@skyrock.com,Female,116.245.110.151
208,Corty,Farres,cfarres5r@hc360.com,Polygender,79.172.54.185
209,Dimitry,Merricks,dmerricks5s@marriott.com,Male,29.29.9.134
210,Fee,Voase,fvoase5t@prlog.org,Male,63.63.6.228
211,Westleigh,Longlands,wlonglands5u@ibm.com,Bigender,122.104.152.197
212,Elenore,Tremouille,etremouille5v@yellowpages.com,Female,163.159.5.213
213,Philip,Cattenach,pcattenach5w@columbia.edu,Male,129.44.110.64
214,Salli,Kid,skid5x@weebly.com,Female,249.244.130.82
215,Annice,Siemandl,asiemandl5y@icq.com,Female,198.253.246.5
216,Adaline,Welbourn,awelbourn5z@pen.io,Female,205.229.86.58
217,Masha,Barents,mbarents60@google.fr,Female,10.189.193.170
218,Darrel,Leggen,dleggen61@bbc.co.uk,Male,245.27.4.56
219,Wildon,Shipton,wshipton62@home.pl,Male,0.217.213.168
220,Justinn,Wasling,jwasling63@msu.edu,Female,94.155.206.230
221,Tomlin,Timms,ttimms64@spotify.com,Male,116.27.81.203
222,Lorri,Rosenshine,lrosenshine65@vkontakte.ru,Female,106.92.126.3
223,Alys,Baffin,abaffin66@thetimes.co.uk,Female,89.239.99.225
224,Babbette,Arnaudet,barnaudet67@odnoklassniki.ru,Female,255.128.88.3
225,Abram,Ferrulli,aferrulli68@adobe.com,Male,159.155.16.234
226,Kailey,Ingle,kingle69@naver.com,Female,108.5.87.237
227,Kamila,Strasse,kstrasse6a@cpanel.net,Female,156.83.229.186
228,Franchot,Sagerson,fsagerson6b@altervista.org,Male,204.143.30.154
229,Ernie,Wardhaw,ewardhaw6c@devhub.com,Male,76.255.170.191
230,Jerome,Voller,jvoller6d@wix.com,Genderfluid,194.139.99.2
231,Livvie,Parades,lparades6e@addthis.com,Female,155.128.179.8
232,Loren,Jesteco,ljesteco6f@surveymonkey.com,Male,117.225.189.80
233,Aubrey,Kneeland,akneeland6g@discovery.com,Male,238.173.201.0
234,Drona,Deerr,ddeerr6h@theguardian.com,Female,169.182.66.172
235,Redd,Matevushev,rmatevushev6i@comcast.net,Male,210.233.191.156
236,Kristofor,Pressland,kpressland6j@edublogs.org,Male,26.216.193.71
237,Jasun,Mallows,jmallows6k@marriott.com,Male,96.113.133.154
238,Cassius,Wildes,cwildes6l@paginegialle.it,Male,230.176.203.139
239,Delcine,Scannell,dscannell6m@creativecommons.org,Female,47.114.192.9
240,Karilynn,Comer,kcomer6n@oaic.gov.au,Female,6.89.183.142
241,Lewes,Tomlett,ltomlett6o@examiner.com,Male,4.137.142.125
242,Kissiah,Cordelle,kcordelle6p@npr.org,Female,63.249.63.210
243,Lelia,Sergeant,lsergeant6q@biglobe.ne.jp,Female,113.59.142.135
244,Devlin,Droogan,ddroogan6r@woothemes.com,Male,97.195.134.199
245,Casper,Metts,cmetts6s@reverbnation.com,Male,94.225.13.172
246,Kessiah,Roser,kroser6t@rambler.ru,Female,163.116.71.54
247,Darnell,Uman,duman6u@auda.org.au,Male,245.113.206.237
248,Evania,Tennant,etennant6v@who.int,Female,254.179.33.48
249,Jeannine,Caldecourt,jcaldecourt6w@pen.io,Polygender,18.103.196.140
250,Zollie,Scamerden,zscamerden6x@hexun.com,Male,177.132.151.147
251,Tiphany,Tyght,ttyght6y@china.com.cn,Polygender,245.78.252.212
252,Kahaleel,O'Loghlen,kologhlen6z@sciencedaily.com,Male,3.220.111.19
253,Hilarius,Kisbee,hkisbee70@icio.us,Male,159.197.234.95
254,Otes,Huxton,ohuxton71@ezinearticles.com,Genderqueer,238.118.127.170
255,Jay,Yon,jyon72@simplemachines.org,Male,39.197.159.91
256,Sal,Bayly,sbayly73@studiopress.com,Male,12.176.23.0
257,Carlie,Bolliver,cbolliver74@behance.net,Male,46.185.82.140
258,Wallie,Jeacock,wjeacock75@instagram.com,Male,66.130.241.186
259,Filip,Goman,fgoman76@narod.ru,Male,111.130.217.24
260,Marlo,Bilton,mbilton77@bandcamp.com,Bigender,233.56.208.30
261,Ellary,Albasiny,ealbasiny78@state.gov,Male,254.22.225.177
262,Rodge,Baggarley,rbaggarley79@acquirethisname.com,Male,17.125.90.230
263,Jorgan,Snead,jsnead7a@godaddy.com,Male,47.0.31.57
264,Wood,Harbach,wharbach7b@paginegialle.it,Male,210.222.10.244
265,Bonnee,Enrico,benrico7c@tmall.com,Female,88.179.194.113
266,Nathalie,Narraway,nnarraway7d@indiegogo.com,Female,164.207.10.233
267,Bartlet,Mowle,bmowle7e@xing.com,Male,101.113.213.162
268,Hagen,Zannutti,hzannutti7f@businesswire.com,Male,237.240.113.196
269,Rabi,Cabell,rcabell7g@fc2.com,Male,200.148.174.157
270,Ingemar,Tinmouth,itinmouth7h@4shared.com,Male,216.148.200.253
271,Zandra,Asbrey,zasbrey7i@jiathis.com,Polygender,48.35.250.112
272,Yancey,Townshend,ytownshend7j@bloglines.com,Male,169.174.225.89
273,Louisa,Rolin,lrolin7k@prweb.com,Female,184.27.18.95
274,Gusti,Denys,gdenys7l@csmonitor.com,Female,180.180.229.255
275,Moises,Luxford,mluxford7m@jimdo.com,Male,241.185.90.162
276,Nessie,Cockett,ncockett7n@ocn.ne.jp,Female,250.69.15.219
277,Isiahi,Merrisson,imerrisson7o@dot.gov,Male,252.36.164.230
278,Sindee,Ende,sende7p@businesswire.com,Female,50.108.134.125
279,Bronson,Romaine,bromaine7q@ustream.tv,Male,6.155.34.133
280,Storm,Pycock,spycock7r@topsy.com,Female,139.39.32.13
281,Aron,Oosthout de Vree,aoosthoutdevree7s@ehow.com,Male,41.239.97.255
282,Rhodie,Balden,rbalden7t@multiply.com,Female,160.117.168.248
283,Dwain,Blennerhassett,dblennerhassett7u@angelfire.com,Bigender,87.98.139.58
284,Gibbie,Dofty,gdofty7v@unc.edu,Male,197.92.243.48
285,Skippy,Orwin,sorwin7w@flickr.com,Male,240.246.178.220
286,Inge,Farnish,ifarnish7x@macromedia.com,Female,221.239.65.52
287,Ninon,Dibbs,ndibbs7y@bandcamp.com,Female,187.234.69.14
288,Antonina,Bartomeu,abartomeu7z@cbsnews.com,Female,254.212.3.69
289,Pierce,McLardie,pmclardie80@census.gov,Male,151.218.120.238
290,Susette,Bessent,sbessent81@mashable.com,Female,179.15.75.240
291,Eddi,Chue,echue82@house.gov,Female,241.196.133.21
292,Virgilio,Dearl,vdearl83@ezinearticles.com,Bigender,93.27.47.175
293,Floris,Leppo,fleppo84@pinterest.com,Polygender,252.12.48.98
294,Kitti,Stuchbery,kstuchbery85@amazon.de,Non-binary,47.64.199.92
295,Yves,Spraberry,yspraberry86@over-blog.com,Male,149.57.162.177
296,Alair,Boissieux,aboissieux87@kickstarter.com,Male,119.179.164.59
297,Philbert,Poxon,ppoxon88@google.ru,Male,199.219.41.41
298,Dominique,McKechnie,dmckechnie89@surveymonkey.com,Male,195.155.242.240
299,Van,Roscamps,vroscamps8a@sogou.com,Male,134.115.15.225
300,Kelsey,Silson,ksilson8b@delicious.com,Male,34.76.10.169
301,Tanney,Batha,tbatha8c@tiny.cc,Male,193.148.44.177
302,Kim,Henrichsen,khenrichsen8d@opera.com,Female,17.155.221.207
303,Reider,Bardill,rbardill8e@dropbox.com,Genderfluid,3.193.208.192
304,Rowen,Abeau,rabeau8f@dailymotion.com,Male,14.25.28.155
305,Rianon,Verrillo,rverrillo8g@about.com,Female,167.202.248.30
306,Frederick,Seabrooke,fseabrooke8h@whitehouse.gov,Male,169.65.5.255
307,Celestia,Yendall,cyendall8i@marriott.com,Female,13.67.45.152
308,Gabbi,Redit,gredit8j@a8.net,Female,44.47.74.37
309,Shay,Bickers,sbickers8k@nps.gov,Female,64.86.161.230
310,Kendall,Riddel,kriddel8l@mail.ru,Male,143.66.69.178
311,Mariska,Eringey,meringey8m@usa.gov,Female,145.168.57.34
312,Ulberto,Heinrich,uheinrich8n@csmonitor.com,Male,237.107.86.235
313,Sheffield,Ascraft,sascraft8o@blog.com,Male,116.216.242.186
314,Herrick,Morad,hmorad8p@freewebs.com,Male,160.171.76.66
315,Rubin,Gayne,rgayne8q@vk.com,Male,252.205.165.148
316,Conni,Baldazzi,cbaldazzi8r@addtoany.com,Female,223.174.79.220
317,Fred,Yarranton,fyarranton8s@si.edu,Male,12.7.166.50
318,Penn,Brunning,pbrunning8t@wikispaces.com,Male,147.116.3.235
319,Gwenore,Setchell,gsetchell8u@state.tx.us,Agender,6.27.185.129
320,Valentine,Sturman,vsturman8v@hexun.com,Female,8.67.113.250
321,Elfrieda,Heinsen,eheinsen8w@usda.gov,Female,230.8.157.208
322,Lucio,O'Shiels,loshiels8x@cdc.gov,Male,69.117.185.111
323,Devina,Brigstock,dbrigstock8y@ihg.com,Female,67.59.171.129
324,Martica,Cumberland,mcumberland8z@auda.org.au,Female,69.47.116.193
325,Lorettalorna,Willmett,lwillmett90@alexa.com,Female,12.114.58.107
326,Kylen,Sotheron,ksotheron91@360.cn,Female,252.103.33.133
327,Deedee,Vellden,dvellden92@wikispaces.com,Female,31.224.158.119
328,Caterina,Rodden,crodden93@about.me,Female,91.178.248.45
329,Rose,Sayce,rsayce94@multiply.com,Female,209.7.133.37
330,Any,Rushford,arushford95@ucsd.edu,Male,92.181.128.166
331,Gorden,Kitteringham,gkitteringham96@addtoany.com,Male,137.119.46.49
332,Emanuel,Raft,eraft97@t-online.de,Male,70.157.151.148
333,Katlin,Bardill,kbardill98@rakuten.co.jp,Female,170.248.4.210
334,Larina,Sidle,lsidle99@amazonaws.com,Genderfluid,89.249.72.153
335,Carson,Maxworthy,cmaxworthy9a@toplist.cz,Male,102.52.227.198
336,Benjamen,Petracchi,bpetracchi9b@ibm.com,Male,141.145.77.211
337,Florida,Lean,flean9c@zdnet.com,Female,91.91.237.181
338,Tierney,Clapson,tclapson9d@narod.ru,Female,220.23.223.159
339,Kirby,Gayforth,kgayforth9e@123-reg.co.uk,Bigender,6.39.72.246
340,Brittne,Rich,brich9f@sphinn.com,Female,86.141.48.76
341,Tamarah,Mithun,tmithun9g@shinystat.com,Female,191.108.217.89
342,Thornton,Oldall,toldall9h@yandex.ru,Male,156.46.101.163
343,Matelda,Tschirschky,mtschirschky9i@army.mil,Female,187.245.186.167
344,Mycah,Georgins,mgeorgins9j@webs.com,Male,126.89.22.180
345,Carolin,Gross,cgross9k@icio.us,Female,30.168.8.95
346,Nicolai,Camosso,ncamosso9l@statcounter.com,Male,28.14.150.138
347,Angie,Currom,acurrom9m@cnet.com,Male,172.239.107.127
348,Tamas,Beniesh,tbeniesh9n@imageshack.us,Male,98.23.29.91
349,Bertie,Paddefield,bpaddefield9o@goo.gl,Female,39.76.164.99
350,Jacky,Simmens,jsimmens9p@dion.ne.jp,Male,226.20.222.21
351,Chiquia,Rosterne,crosterne9q@pagesperso-orange.fr,Female,161.68.226.228
352,Debor,Degoix,ddegoix9r@diigo.com,Female,157.255.91.141
353,Bart,Grossier,bgrossier9s@nytimes.com,Male,202.140.226.46
354,Katrine,Eddisford,keddisford9t@un.org,Female,255.169.245.130
355,Esme,Rawstron,erawstron9u@europa.eu,Female,134.171.167.52
356,Samuel,Stroud,sstroud9v@blogs.com,Male,214.119.72.45
357,Dorette,Anglim,danglim9w@vkontakte.ru,Female,148.127.204.47
358,Fleming,Farden,ffarden9x@hibu.com,Male,218.137.162.181
359,Muffin,Hambly,mhambly9y@indiatimes.com,Female,236.57.106.80
360,Harcourt,Counter,hcounter9z@kickstarter.com,Male,211.99.30.144
361,Jeffry,Craythorne,jcraythornea0@phoca.cz,Male,214.77.147.98
362,Derrek,Killiner,dkillinera1@is.gd,Male,53.111.227.86
363,Gipsy,Gathwaite,ggathwaitea2@addtoany.com,Female,60.5.30.244
364,Mitchael,Ludewig,mludewiga3@va.gov,Male,150.210.38.255
365,Dominique,Madgwick,dmadgwicka4@msu.edu,Female,155.233.230.125
366,Anson,Tyhurst,atyhursta5@paginegialle.it,Bigender,52.20.132.91
367,Latashia,Loalday,lloaldaya6@guardian.co.uk,Female,175.11.21.17
368,Bartie,Wixey,bwixeya7@a8.net,Male,125.229.32.149
369,Laura,Ginger,lgingera8@prlog.org,Female,26.239.181.5
370,Laurie,Koppeck,lkoppecka9@wired.com,Genderfluid,121.132.162.249
371,Loralee,Mompesson,lmompessonaa@hatena.ne.jp,Female,120.161.33.135
372,Silvan,Schutt,sschuttab@washington.edu,Male,189.34.249.107
373,Jareb,Kerridge,jkerridgeac@omniture.com,Male,246.134.70.98
374,Adriana,Hodges,ahodgesad@ovh.net,Female,191.48.120.56
375,Brandice,Mackley,bmackleyae@plala.or.jp,Female,9.221.151.200
376,Shalne,Husher,shusheraf@trellian.com,Female,194.41.163.13
377,Wilma,Triplow,wtriplowag@archive.org,Female,122.4.213.167
378,Robbie,Weinham,rweinhamah@spiegel.de,Male,169.38.231.14
379,Perrine,Winspur,pwinspurai@scribd.com,Female,174.87.58.172
380,Melody,Sherston,msherstonaj@gravatar.com,Female,107.90.130.53
381,Byran,Quemby,bquembyak@auda.org.au,Male,200.64.33.89
382,Ardith,Panchin,apanchinal@businesswire.com,Female,146.24.205.86
383,Alon,Blackden,ablackdenam@liveinternet.ru,Male,25.237.33.21
384,Bride,Melior,bmelioran@merriam-webster.com,Female,19.64.25.74
385,Culley,Gwyn,cgwynao@blogs.com,Male,43.198.29.110
386,Vale,Ramel,vramelap@cnet.com,Male,178.110.79.158
387,Konrad,Mynett,kmynettaq@ovh.net,Male,239.223.49.197
388,Belvia,Franchi,bfranchiar@msn.com,Genderfluid,253.219.251.166
389,Dickie,Painter,dpainteras@uol.com.br,Male,111.137.180.108
390,Elroy,Maylott,emaylottat@tamu.edu,Male,22.63.177.44
391,Myrna,Iorio,miorioau@irs.gov,Female,248.91.249.26
392,Jermayne,Barrell,jbarrellav@ftc.gov,Male,189.1.231.188
393,Kellen,Mottershead,kmottersheadaw@arstechnica.com,Bigender,210.154.157.21
394,Grazia,Rappport,grappportax@china.com.cn,Female,192.129.83.248
395,Nicola,Darkins,ndarkinsay@paginegialle.it,Male,41.72.233.74
396,Alfy,Gregoraci,agregoraciaz@miitbeian.gov.cn,Male,178.249.0.11
397,Benedict,Stuer,bstuerb0@theatlantic.com,Male,76.181.206.198
398,Jannel,Simonnin,jsimonninb1@google.com,Genderfluid,160.172.230.69
399,Dorian,Comford,dcomfordb2@tripod.com,Female,162.39.217.141
400,Elysha,Plevin,eplevinb3@toplist.cz,Female,41.161.176.192
401,Kelvin,Gasticke,kgastickeb4@sfgate.com,Male,38.69.67.215
402,Vyky,Smiley,vsmileyb5@forbes.com,Female,160.66.128.102
403,Kelbee,Franzman,kfranzmanb6@ovh.net,Male,222.236.48.17
404,Kenon,Heskin,kheskinb7@jimdo.com,Male,43.8.231.14
405,Reggie,Filippi,rfilippib8@odnoklassniki.ru,Female,9.114.8.104
406,Cathyleen,Ramsey,cramseyb9@hexun.com,Female,102.25.67.227
407,Justinn,Stannion,jstannionba@usnews.com,Female,116.7.195.220
408,Brewster,Scalera,bscalerabb@multiply.com,Male,104.106.7.164
409,Renard,Farries,rfarriesbc@bloglovin.com,Male,90.234.50.49
410,Randie,Lonie,rloniebd@alibaba.com,Female,244.82.109.71
411,Erl,Lawrenceson,elawrencesonbe@mozilla.org,Male,109.217.213.161
412,Lucine,Poulett,lpoulettbf@dot.gov,Female,201.152.195.186
413,Jaquenette,Thickett,jthickettbg@gizmodo.com,Female,160.50.241.95
414,Menard,Redholes,mredholesbh@cbc.ca,Male,253.219.99.224
415,Kimmi,Smithyman,ksmithymanbi@com.com,Non-binary,71.77.81.97
416,Sandy,Wardell,swardellbj@europa.eu,Female,118.181.96.79
417,Marcela,Thormwell,mthormwellbk@mapy.cz,Female,11.207.237.83
418,Velma,Mannering,vmanneringbl@eventbrite.com,Female,142.21.141.144
419,Katine,Waplinton,kwaplintonbm@unc.edu,Female,171.60.50.242
420,Kalle,Gosby,kgosbybn@mediafire.com,Male,84.159.201.99
421,Abra,Delgardillo,adelgardillobo@wikipedia.org,Female,210.221.6.21
422,Guy,Costain,gcostainbp@mtv.com,Male,52.52.13.212
423,Francis,Veelers,fveelersbq@eepurl.com,Male,101.108.226.15
424,Tye,Evenden,tevendenbr@skyrock.com,Male,116.130.175.186
425,Chiquia,Wilbor,cwilborbs@delicious.com,Female,244.40.57.196
426,Roxanna,Opdenort,ropdenortbt@hugedomains.com,Female,42.227.144.233
427,Isacco,Mathouse,imathousebu@tiny.cc,Male,31.226.219.182
428,Giraldo,Clail,gclailbv@stanford.edu,Male,38.216.201.20
429,Forrest,Muck,fmuckbw@typepad.com,Male,224.45.150.166
430,Mirabel,Mossop,mmossopbx@hp.com,Female,33.22.127.58
431,Base,Cornthwaite,bcornthwaiteby@sbwire.com,Male,163.251.216.161
432,Augusta,Lempenny,alempennybz@dell.com,Female,215.134.224.181
433,Gratiana,Sargeant,gsargeantc0@soup.io,Female,85.235.168.99
434,Melloney,Greatbanks,mgreatbanksc1@fotki.com,Female,76.14.41.201
435,Klara,Ruoff,kruoffc2@sohu.com,Female,145.104.59.147
436,Law,Georgiev,lgeorgievc3@bravesites.com,Male,99.106.70.92
437,Law,Knyvett,lknyvettc4@infoseek.co.jp,Male,97.129.60.197
438,Noble,Ferby,nferbyc5@vimeo.com,Male,38.214.200.187
439,Avictor,Jedraszek,ajedraszekc6@newsvine.com,Male,10.5.152.123
440,Brooks,Curedale,bcuredalec7@cbc.ca,Female,186.194.28.168
441,Madelle,McVitie,mmcvitiec8@cbslocal.com,Female,120.133.38.37
442,Aubine,Vickors,avickorsc9@ihg.com,Female,140.127.182.134
443,Putnam,Panichelli,ppanichellica@nih.gov,Male,199.38.67.200
444,Alexina,Colley,acolleycb@craigslist.org,Female,188.76.130.77
445,Cullie,Stenyng,cstenyngcc@scribd.com,Male,195.178.185.120
446,Amandy,Flack,aflackcd@upenn.edu,Female,19.249.17.170
447,Veda,Imore,vimorece@wix.com,Female,209.180.192.175
448,Salvatore,Minghetti,sminghetticf@oracle.com,Male,212.118.115.85
449,Gerladina,Milella,gmilellacg@yandex.ru,Female,204.120.72.64
450,Jermaine,Audritt,jaudrittch@list-manage.com,Male,233.193.54.125
451,Zackariah,Espinola,zespinolaci@dmoz.org,Male,199.183.193.124
452,Marya,Hukin,mhukincj@google.com.br,Female,231.247.33.210
453,Theresita,Medgwick,tmedgwickck@whitehouse.gov,Female,107.110.92.114
454,Eve,Helix,ehelixcl@mail.ru,Female,170.6.211.34
455,Galven,Kyngdon,gkyngdoncm@cbc.ca,Male,200.139.213.254
456,Flory,Anyene,fanyenecn@tripadvisor.com,Male,234.50.131.103
457,Alvina,Le Moucheux,alemoucheuxco@vinaora.com,Female,69.147.229.233
458,Oliy,Blyth,oblythcp@privacy.gov.au,Female,35.244.167.4
459,Taite,Tripet,ttripetcq@furl.net,Male,232.164.248.196
460,Ainslie,Manvell,amanvellcr@ca.gov,Female,230.31.239.190
461,Clevie,Balding,cbaldingcs@artisteer.com,Male,49.8.73.117
462,Malinda,Dukes,mdukesct@microsoft.com,Female,69.196.164.43
463,Grace,Bowering,gboweringcu@nps.gov,Female,78.235.234.177
464,Deerdre,Chazier,dchaziercv@japanpost.jp,Female,65.228.153.49
465,Shadow,Dowzell,sdowzellcw@soup.io,Male,202.250.20.143
466,Winslow,MacPike,wmacpikecx@flavors.me,Male,187.20.96.125
467,Amandy,Maudett,amaudettcy@nsw.gov.au,Female,5.113.238.185
468,Flossy,Antoszczyk,fantoszczykcz@google.com.br,Female,249.117.184.171
469,Earvin,Blasi,eblasid0@marriott.com,Male,63.37.3.207
470,Patric,Gallemore,pgallemored1@tiny.cc,Male,134.219.143.158
471,Val,Cobon,vcobond2@mit.edu,Genderfluid,27.208.16.228
472,Delcine,Thackray,dthackrayd3@ezinearticles.com,Genderqueer,155.233.45.53
473,Zsazsa,Padden,zpaddend4@jigsy.com,Polygender,190.161.217.195
474,Gothart,Fessler,gfesslerd5@altervista.org,Male,172.5.118.118
475,Danny,Carmichael,dcarmichaeld6@spiegel.de,Female,87.88.9.35
476,Rikki,Leacy,rleacyd7@samsung.com,Male,62.112.164.138
477,Humfrey,Kippen,hkippend8@wikispaces.com,Male,96.230.128.153
478,Alma,Sebring,asebringd9@furl.net,Female,128.18.175.39
479,Nealy,Oxborrow,noxborrowda@hugedomains.com,Male,5.77.102.181
480,Gilberto,Vanyakin,gvanyakindb@cyberchimps.com,Male,170.5.118.157
481,Adolpho,Marshman,amarshmandc@chron.com,Male,172.50.36.126
482,Corrianne,Muccino,cmuccinodd@phoca.cz,Female,121.146.179.102
483,Giacomo,Kench,gkenchde@fc2.com,Male,127.135.215.185
484,Misha,Labbez,mlabbezdf@sun.com,Female,70.107.9.3
485,Irena,Braidman,ibraidmandg@youtu.be,Female,219.34.32.63
486,Gabriell,Coulman,gcoulmandh@jigsy.com,Female,15.22.248.40
487,Nappie,Strooband,nstroobanddi@arstechnica.com,Male,126.183.59.65
488,Mahmoud,Wooler,mwoolerdj@ycombinator.com,Male,7.3.224.122
489,Justinian,Haddrill,jhaddrilldk@time.com,Male,255.219.208.166
490,Bess,Ambrogi,bambrogidl@engadget.com,Female,172.176.220.88
491,Bruno,Meany,bmeanydm@wp.com,Male,201.172.184.85
492,Codi,McGirl,cmcgirldn@blogs.com,Male,191.247.42.140
493,Reginald,Tschirschky,rtschirschkydo@cnn.com,Male,97.108.165.53
494,Remus,Courtes,rcourtesdp@parallels.com,Male,116.176.212.110
495,Adrian,Farfalameev,afarfalameevdq@lulu.com,Non-binary,111.58.16.23
496,Essie,Ranner,erannerdr@youtube.com,Female,150.36.25.42
497,Purcell,Lipprose,plipproseds@twitpic.com,Male,168.178.67.151
498,Land,Brayn,lbrayndt@telegraph.co.uk,Male,226.57.253.197
499,Wendye,Arkle,warkledu@theglobeandmail.com,Female,181.42.205.22
500,Cherri,Gellert,cgellertdv@intel.com,Female,223.254.203.46
501,Gage,Lickess,glickessdw@squidoo.com,Male,192.134.108.106
502,Kelci,Wilbore,kwilboredx@exblog.jp,Female,139.178.35.69
503,Arman,Yurchenko,ayurchenkody@creativecommons.org,Male,47.197.36.176
504,Edwin,Brazener,ebrazenerdz@technorati.com,Male,61.240.173.192
505,Kassia,Cheeney,kcheeneye0@sourceforge.net,Female,160.149.202.43
506,Tam,Rainbird,trainbirde1@jalbum.net,Male,137.199.0.56
507,Sybilla,Burhouse,sburhousee2@gizmodo.com,Female,186.123.230.150
508,Collen,Sturney,csturneye3@bloglovin.com,Female,76.100.147.116
509,Lucine,Withrington,lwithringtone4@umich.edu,Female,204.121.150.86
510,Wylie,Varrow,wvarrowe5@indiatimes.com,Male,231.83.239.227
511,Kath,Firminger,kfirmingere6@whitehouse.gov,Female,21.161.195.20
512,Noak,Theuss,ntheusse7@jalbum.net,Male,124.187.56.246
513,Maisie,Comberbeach,mcomberbeache8@virginia.edu,Female,222.34.148.168
514,Nari,Harwin,nharwine9@cnet.com,Female,44.58.105.164
515,Corella,Helliker,chellikerea@csmonitor.com,Female,3.225.197.140
516,Rowe,Doogood,rdoogoodeb@free.fr,Female,42.14.216.215
517,Egon,Pauling,epaulingec@nps.gov,Male,204.50.128.48
518,Adler,Ashbey,aashbeyed@gmpg.org,Polygender,237.61.20.252
519,Talyah,Nulty,tnultyee@google.pl,Female,0.170.40.221
520,Ivonne,Poulter,ipoulteref@sina.com.cn,Female,41.107.84.187
521,Lorrie,Keson,lkesoneg@so-net.ne.jp,Male,0.47.47.90
522,Nobe,Skillicorn,nskillicorneh@virginia.edu,Male,154.198.48.117
523,Moritz,McGloin,mmcgloinei@meetup.com,Male,211.164.153.106
524,York,Halversen,yhalversenej@chicagotribune.com,Male,89.248.17.20
525,Angelique,Hail,ahailek@china.com.cn,Female,211.245.112.199
526,Willy,Matzeitis,wmatzeitisel@digg.com,Female,111.247.73.173
527,Alberik,Greenlees,agreenleesem@loc.gov,Male,179.132.245.26
528,Martie,Cabell,mcabellen@princeton.edu,Genderfluid,230.173.200.170
529,Thayne,But,tbuteo@boston.com,Male,80.213.162.7
530,Constantine,Tighe,ctigheep@berkeley.edu,Male,176.244.97.132
531,Gardy,Swindlehurst,gswindlehursteq@deliciousdays.com,Male,189.33.121.209
532,Eugen,Postgate,epostgateer@cbc.ca,Male,131.119.23.48
533,Wit,McBrearty,wmcbreartyes@foxnews.com,Male,114.190.213.14
534,Marcelline,Tincombe,mtincombeet@qq.com,Female,100.14.215.154
535,Pren,Dudhill,pdudhilleu@globo.com,Male,254.124.63.176
536,Tucker,Lillyman,tlillymanev@chronoengine.com,Male,62.180.32.156
537,Doy,Brognot,dbrognotew@telegraph.co.uk,Male,11.229.175.192
538,Rod,Gobourn,rgobournex@biblegateway.com,Polygender,76.187.138.181
539,Ring,McArthur,rmcarthurey@mac.com,Male,81.103.115.69
540,Abey,Torrecilla,atorrecillaez@princeton.edu,Male,7.214.99.139
541,Rachele,Longcake,rlongcakef0@merriam-webster.com,Female,247.194.200.142
542,Latisha,Gerok,lgerokf1@sakura.ne.jp,Female,3.247.237.24
543,Warner,Lambal,wlambalf2@java.com,Male,241.183.78.243
544,Starlin,Puvia,spuviaf3@seattletimes.com,Female,103.21.3.41
545,Ursa,Rainford,urainfordf4@google.cn,Female,183.176.36.140
546,Timofei,Huzzay,thuzzayf5@yellowbook.com,Male,112.37.11.173
547,Mohandis,Gillman,mgillmanf6@answers.com,Male,204.114.215.98
548,Jenilee,Antao,jantaof7@xrea.com,Female,161.205.100.129
549,Pancho,Wafer,pwaferf8@tinypic.com,Male,131.137.18.182
550,Chen,Munkley,cmunkleyf9@theguardian.com,Male,201.4.88.62
551,Germaine,Bauchop,gbauchopfa@123-reg.co.uk,Male,208.251.175.99
552,Goldia,Sparrowhawk,gsparrowhawkfb@bravesites.com,Female,121.229.112.168
553,Ole,Acland,oaclandfc@aboutads.info,Male,38.9.66.94
554,Selie,Matthessen,smatthessenfd@elegantthemes.com,Female,249.78.119.147
555,Christophe,Yve,cyvefe@symantec.com,Male,133.250.6.140
556,Evelyn,McRobert,emcrobertff@sfgate.com,Female,134.37.230.44
557,Elsey,Ayton,eaytonfg@yellowbook.com,Female,137.115.253.67
558,Emlyn,Dwelling,edwellingfh@desdev.cn,Male,39.154.116.225
559,Allard,MacConnal,amacconnalfi@usnews.com,Male,202.123.121.75
560,Will,Houseman,whousemanfj@discuz.net,Male,57.250.169.166
561,Jordan,Troni,jtronifk@archive.org,Female,112.10.128.249
562,Grantley,McKeand,gmckeandfl@domainmarket.com,Non-binary,206.30.49.20
563,Reid,Brackenbury,rbrackenburyfm@sitemeter.com,Male,236.105.111.159
564,Portia,Pettendrich,ppettendrichfn@cocolog-nifty.com,Female,221.232.39.6
565,Denys,Salvidge,dsalvidgefo@boston.com,Female,17.210.53.13
566,Faina,Robiou,frobioufp@tmall.com,Female,161.177.198.17
567,Suzann,Spelwood,sspelwoodfq@simplemachines.org,Female,91.98.158.68
568,Van,Gunson,vgunsonfr@studiopress.com,Female,223.13.115.69
569,Avrit,Stote,astotefs@wikipedia.org,Female,40.110.28.21
570,Julie,Ogles,joglesft@phpbb.com,Male,227.58.193.195
571,Mar,Brinsden,mbrinsdenfu@instagram.com,Male,145.101.104.102
572,Gale,Maplestone,gmaplestonefv@sciencedaily.com,Female,95.153.159.221
573,Arielle,Cregin,acreginfw@statcounter.com,Female,62.38.35.72
574,Katha,Dicte,kdictefx@myspace.com,Female,209.53.75.133
575,Gaye,Boerderman,gboerdermanfy@constantcontact.com,Female,255.51.72.41
576,Tuckie,Ebbutt,tebbuttfz@unesco.org,Male,132.74.51.89
577,Natale,Fitchell,nfitchellg0@imdb.com,Male,7.14.169.108
578,Karee,Vosse,kvosseg1@army.mil,Female,46.209.241.88
579,Ransom,Drakeford,rdrakefordg2@is.gd,Male,150.85.188.99
580,Malachi,Bilovsky,mbilovskyg3@list-manage.com,Male,243.152.158.232
581,Avram,Ravenshear,aravenshearg4@lycos.com,Male,240.172.212.18
582,Mariette,Cowcha,mcowchag5@bluehost.com,Female,65.177.176.146
583,Skell,Tookey,stookeyg6@youku.com,Male,12.194.23.155
584,Braden,Gerritzen,bgerritzeng7@rambler.ru,Genderqueer,137.30.118.103
585,Julissa,Sibyllina,jsibyllinag8@imageshack.us,Female,32.18.206.237
586,Katie,Nicholson,knicholsong9@unicef.org,Female,189.17.148.86
587,Kaye,Juggins,kjugginsga@pagesperso-orange.fr,Female,74.34.80.45
588,Adeline,Micklewright,amicklewrightgb@artisteer.com,Female,28.9.35.93
589,Leelah,Maymond,lmaymondgc@cocolog-nifty.com,Female,132.119.215.252
590,Veronica,Brosio,vbrosiogd@cbslocal.com,Female,5.3.149.152
591,Bab,Hartus,bhartusge@feedburner.com,Female,183.37.223.145
592,Augustus,Kennally,akennallygf@eventbrite.com,Male,64.222.68.125
593,Fawn,Valde,fvaldegg@jalbum.net,Female,217.242.10.127
594,Liuka,Sigert,lsigertgh@homestead.com,Female,142.129.170.209
595,Thom,Colliver,tcollivergi@chicagotribune.com,Bigender,106.15.119.216
596,Wolf,Notti,wnottigj@ning.com,Agender,147.85.32.132
597,Barb,Laurenz,blaurenzgk@ow.ly,Female,70.70.246.160
598,Lois,Rosenbloom,lrosenbloomgl@people.com.cn,Female,183.245.127.183
599,Caria,Frick,cfrickgm@jugem.jp,Bigender,204.224.137.128
600,Fairleigh,Howieson,fhowiesongn@hp.com,Male,69.190.203.180
601,Claiborne,Perfect,cperfectgo@myspace.com,Male,47.89.17.144
602,Toiboid,Grzelewski,tgrzelewskigp@washington.edu,Male,19.75.130.201
603,Sophie,Chaldecott,schaldecottgq@springer.com,Female,213.35.193.89
604,Franklin,Syplus,fsyplusgr@fastcompany.com,Male,77.14.61.167
605,Howey,Karpf,hkarpfgs@github.com,Male,99.113.87.62
606,Irvin,Finn,ifinngt@ft.com,Male,239.52.30.244
607,Shannon,Corneljes,scorneljesgu@trellian.com,Female,127.241.144.112
608,Christine,Tapper,ctappergv@last.fm,Female,50.63.74.55
609,Syd,Gentiry,sgentirygw@cdc.gov,Male,29.162.88.227
610,Alasteir,Zamora,azamoragx@hhs.gov,Male,51.217.148.232
611,Randal,Malamore,rmalamoregy@census.gov,Male,110.186.171.13
612,Alexis,Seekings,aseekingsgz@typepad.com,Male,138.76.216.35
613,Viviyan,Jedrychowski,vjedrychowskih0@vk.com,Female,49.137.135.247
614,Corella,Reddell,creddellh1@apache.org,Female,238.186.234.127
615,Emeline,Moneti,emonetih2@youtube.com,Female,8.100.109.46
616,Shaun,Carlisle,scarlisleh3@jiathis.com,Female,22.238.224.4
617,Andria,Klossmann,aklossmannh4@weibo.com,Female,237.27.48.190
618,Tiphany,Gingle,tgingleh5@people.com.cn,Female,176.213.11.188
619,Junia,Brainsby,jbrainsbyh6@over-blog.com,Female,166.38.32.44
620,Jonathon,Baston,jbastonh7@hubpages.com,Male,47.104.6.134
621,Demetre,Mannin,dmanninh8@marriott.com,Male,167.47.182.194
622,Jeff,Bunting,jbuntingh9@jimdo.com,Male,215.10.248.16
623,Emalee,FitzGibbon,efitzgibbonha@zdnet.com,Female,39.236.255.0
624,Pebrook,Waycot,pwaycothb@earthlink.net,Male,4.153.193.220
625,Keefer,Bonnaire,kbonnairehc@oracle.com,Male,191.102.105.47
626,Jock,Testin,jtestinhd@indiegogo.com,Male,190.228.208.20
627,Enrico,Ramos,eramoshe@csmonitor.com,Male,234.1.179.133
628,Stephannie,Abbis,sabbishf@cbslocal.com,Female,109.146.89.187
629,Ellis,Squibbs,esquibbshg@irs.gov,Agender,93.187.97.84
630,Madelene,Silber,msilberhh@scientificamerican.com,Female,134.100.152.73
631,Giffard,Ide,gidehi@youtu.be,Male,182.59.208.172
632,Caressa,Sagerson,csagersonhj@sohu.com,Female,15.243.80.222
633,Jo ann,Caldeyroux,jcaldeyrouxhk@sitemeter.com,Genderqueer,101.153.120.51
634,Henryetta,MacLeese,hmacleesehl@fema.gov,Female,93.218.201.242
635,Celesta,Buckleigh,cbuckleighhm@studiopress.com,Female,194.60.24.90
636,Barnaby,Ivie,biviehn@clickbank.net,Male,112.142.102.249
637,Barrett,Saterweyte,bsaterweyteho@marketwatch.com,Male,243.102.83.243
638,Idell,Pettiford,ipettifordhp@nyu.edu,Female,163.130.193.134
639,Jena,Bartos,jbartoshq@google.cn,Female,100.171.79.243
640,Kissee,Ortiger,kortigerhr@discovery.com,Female,152.40.112.124
641,Shellie,Renfrew,srenfrewhs@ameblo.jp,Female,96.53.57.93
642,Joane,Gockelen,jgockelenht@creativecommons.org,Female,213.112.194.72
643,Myrilla,McVee,mmcveehu@prnewswire.com,Female,213.146.97.164
644,Huntlee,Rykert,hrykerthv@gizmodo.com,Male,9.134.149.137
645,Arin,I'anson,aiansonhw@desdev.cn,Non-binary,26.18.83.107
646,Katha,Rhodus,krhodushx@studiopress.com,Female,13.249.80.110
647,Ellis,Bedo,ebedohy@wired.com,Male,157.231.114.122
648,Aubry,Boles,aboleshz@fotki.com,Female,201.193.27.13
649,Feodora,Drennan,fdrennani0@csmonitor.com,Female,34.101.185.162
650,Ario,Foxwell,afoxwelli1@google.de,Male,114.4.173.192
651,Gerta,Lum,glumi2@blogger.com,Female,9.159.138.38
652,Marlin,Maxwale,mmaxwalei3@nationalgeographic.com,Male,182.158.6.169
653,Elmer,Mollett,emolletti4@army.mil,Male,152.65.227.86
654,Daffy,Gaspard,dgaspardi5@1688.com,Female,44.98.239.253
655,Vida,Purser,vpurseri6@topsy.com,Female,0.209.124.96
656,Matthaeus,Neeves,mneevesi7@telegraph.co.uk,Male,10.225.202.67
657,Rolfe,Tully,rtullyi8@sogou.com,Male,133.182.207.172
658,Goldarina,Grinham,ggrinhami9@sfgate.com,Female,212.50.79.202
659,Garrek,Lufkin,glufkinia@trellian.com,Genderqueer,97.139.53.214
660,Marlie,Leitche,mleitcheib@goodreads.com,Female,131.180.220.119
661,Anett,Leftwich,aleftwichic@livejournal.com,Female,126.204.72.124
662,Mark,Gregoretti,mgregorettiid@go.com,Male,100.113.204.52
663,Fulvia,Kyncl,fkynclie@wix.com,Female,248.229.149.69
664,Thomasin,Rawe,traweif@toplist.cz,Female,222.80.205.50
665,Cornie,Lebel,clebelig@reverbnation.com,Male,101.144.3.46
666,Crissie,Hall-Gough,challgoughih@google.de,Female,218.151.8.116
667,Giles,Abrahim,gabrahimii@people.com.cn,Male,120.209.8.77
668,Moises,Doerling,mdoerlingij@hexun.com,Male,190.97.224.72
669,Jodee,Lynock,jlynockik@google.com,Polygender,145.146.6.234
670,Daffy,Bellie,dbellieil@patch.com,Female,55.158.51.5
671,Maurits,Whiskerd,mwhiskerdim@goodreads.com,Genderqueer,246.234.57.219
672,Corbie,Frowd,cfrowdin@google.cn,Male,133.15.61.19
673,Gael,Keepence,gkeepenceio@nifty.com,Male,99.205.165.16
674,Mommy,Prosch,mproschip@hud.gov,Female,53.141.31.144
675,Adrien,Rickcord,arickcordiq@chicagotribune.com,Male,145.228.61.149
676,Hansiain,Nucciotti,hnucciottiir@cmu.edu,Male,253.144.9.65
677,Fitzgerald,Tiller,ftilleris@spiegel.de,Male,243.126.51.171
678,Anthia,Necolds,anecoldsit@springer.com,Female,194.146.180.75
679,Laurette,Softley,lsoftleyiu@nifty.com,Female,75.246.18.52
680,Cobby,Benfell,cbenfelliv@dagondesign.com,Male,43.63.162.73
681,Carolin,Cartwright,ccartwrightiw@wired.com,Female,198.58.75.45
682,Fran,Ayton,faytonix@google.es,Male,77.15.36.97
683,Bea,Menendez,bmenendeziy@google.pl,Female,217.205.189.154
684,Coleman,Cammell,ccammelliz@nationalgeographic.com,Male,171.161.236.87
685,Phedra,Crose,pcrosej0@360.cn,Female,127.244.87.252
686,Carmelita,Curgenuer,ccurgenuerj1@edublogs.org,Female,162.198.13.230
687,Lenora,Brothwood,lbrothwoodj2@answers.com,Female,158.122.238.49
688,Hube,Junifer,hjuniferj3@dailymail.co.uk,Male,65.96.48.97
689,Kendra,Stanlick,kstanlickj4@wunderground.com,Female,78.208.74.246
690,Guillemette,Penwright,gpenwrightj5@mac.com,Female,20.214.234.229
691,Andra,Rehm,arehmj6@bloomberg.com,Female,192.186.134.50
692,Aloin,McAleese,amcaleesej7@cdbaby.com,Male,125.89.72.174
693,Kirsti,Khadir,kkhadirj8@adobe.com,Female,33.150.218.104
694,Saloma,Ladell,sladellj9@icio.us,Female,226.159.236.45
695,Englebert,Douthwaite,edouthwaiteja@google.nl,Male,194.49.207.113
696,Omar,Billings,obillingsjb@wikimedia.org,Male,40.159.188.96
697,Hanny,Stoyles,hstoylesjc@msn.com,Female,111.133.88.91
698,Tristan,Menchenton,tmenchentonjd@salon.com,Male,70.24.37.68
699,Kristy,Ranby,kranbyje@google.pl,Female,14.209.26.161
700,Jemimah,Cokely,jcokelyjf@comcast.net,Female,35.255.72.117
701,Bertie,McIntee,bmcinteejg@bbb.org,Male,100.252.97.134
702,Langston,Brandassi,lbrandassijh@cisco.com,Genderqueer,69.235.84.72
703,Shaughn,Fordham,sfordhamji@uol.com.br,Male,221.153.240.69
704,Asher,Chartman,achartmanjj@macromedia.com,Male,210.173.72.199
705,Zaria,Faunch,zfaunchjk@topsy.com,Agender,46.183.126.119
706,Far,Jorat,fjoratjl@mail.ru,Male,63.211.43.184
707,Elenore,Lyptratt,elyptrattjm@vimeo.com,Female,228.24.208.253
708,Christophorus,Endersby,cendersbyjn@kickstarter.com,Male,146.194.206.59
709,Adelheid,Riping,aripingjo@blogspot.com,Female,54.180.180.32
710,Ingra,Whatman,iwhatmanjp@cisco.com,Male,133.102.138.187
711,Sharlene,Davidowsky,sdavidowskyjq@tinypic.com,Female,153.230.34.158
712,Bunnie,Husthwaite,bhusthwaitejr@hibu.com,Female,182.172.123.166
713,Ester,Gatward,egatwardjs@dailymail.co.uk,Female,26.19.114.46
714,Giordano,Kunrad,gkunradjt@multiply.com,Male,74.68.24.30
715,Perren,Glisane,pglisaneju@japanpost.jp,Male,38.203.156.240
716,Geoff,Samme,gsammejv@google.fr,Male,40.111.38.91
717,Pryce,Dominetti,pdominettijw@dailymail.co.uk,Male,92.14.21.183
718,Katherine,Okenfold,kokenfoldjx@imgur.com,Female,160.55.161.177
719,Diarmid,Benger,dbengerjy@japanpost.jp,Male,102.98.55.159
720,Heath,Boolsen,hboolsenjz@slideshare.net,Female,13.27.40.186
721,Hattie,Laird,hlairdk0@tuttocitta.it,Female,182.148.143.250
722,Leilah,Hoodspeth,lhoodspethk1@google.cn,Female,224.179.107.36
723,Costa,Croxall,ccroxallk2@hexun.com,Male,212.156.144.115
724,Carmita,Isacoff,cisacoffk3@statcounter.com,Female,32.172.81.48
725,Clay,Tuckey,ctuckeyk4@miitbeian.gov.cn,Male,66.144.88.234
726,Allyson,Kier,akierk5@ask.com,Agender,23.74.107.168
727,Lisa,Broxap,lbroxapk6@geocities.jp,Female,173.171.223.35
728,Anabelle,Keach,akeachk7@tmall.com,Female,146.177.235.38
729,Haily,McEvay,hmcevayk8@squarespace.com,Female,86.177.43.100
730,Brunhilde,Kalisz,bkaliszk9@seattletimes.com,Female,232.17.255.173
731,Ailyn,Lemon,alemonka@thetimes.co.uk,Female,16.83.240.12
732,Nobie,Bedenham,nbedenhamkb@soup.io,Male,1.62.15.160
733,Patric,Annatt,pannattkc@mapquest.com,Male,72.120.26.255
734,Gerrie,Bartosch,gbartoschkd@prnewswire.com,Female,150.50.49.57
735,Denyse,Berrygun,dberrygunke@people.com.cn,Female,159.232.41.22
736,Derrek,Pretti,dprettikf@domainmarket.com,Male,13.62.58.118
737,Carver,Stichel,cstichelkg@yahoo.com,Male,108.87.90.244
738,Aldin,Comettoi,acomettoikh@wisc.edu,Male,32.193.75.133
739,Thorny,Maddams,tmaddamski@state.gov,Male,23.130.214.224
740,Chauncey,Bygrove,cbygrovekj@ebay.com,Male,36.122.176.125
741,Henrie,Campo,hcampokk@altervista.org,Female,63.12.217.188
742,Sully,Casham,scashamkl@msu.edu,Male,130.74.128.68
743,Maryanna,Cheasman,mcheasmankm@digg.com,Female,104.23.203.184
744,Rani,Ishaki,rishakikn@squidoo.com,Agender,186.177.202.175
745,Sharona,Sucre,ssucreko@free.fr,Female,143.62.20.25
746,Benedick,Fettes,bfetteskp@smugmug.com,Male,64.21.115.64
747,Sigismundo,Fendt,sfendtkq@biblegateway.com,Male,235.66.254.36
748,Mac,Pehrsson,mpehrssonkr@soup.io,Male,74.109.82.147
749,Kimberlee,Trudgian,ktrudgianks@weather.com,Female,23.221.123.206
750,Anne,Westman,awestmankt@qq.com,Female,126.189.113.144
751,Dav,Gorsse,dgorsseku@seesaa.net,Male,196.25.100.166
752,Jud,Whanstall,jwhanstallkv@apache.org,Male,214.124.26.97
753,Sheba,Seater,sseaterkw@yelp.com,Non-binary,31.210.137.142
754,Yard,Eldrett,yeldrettkx@youtu.be,Male,94.142.245.189
755,Thorin,Mason,tmasonky@g.co,Genderfluid,224.51.51.49
756,Gavra,Maskall,gmaskallkz@opera.com,Female,139.251.77.151
757,Kylynn,Blatherwick,kblatherwickl0@fda.gov,Female,161.125.90.97
758,Natal,Burchnall,nburchnalll1@spiegel.de,Male,51.79.19.49
759,Bunnie,Dacey,bdaceyl2@mtv.com,Genderqueer,33.58.19.245
760,Bronny,Cammocke,bcammockel3@bing.com,Male,23.172.112.161
761,Ardella,Robertz,arobertzl4@webnode.com,Female,142.80.194.212
762,Lonni,Deschelle,ldeschellel5@stanford.edu,Female,235.25.112.204
763,Elyse,Sotham,esothaml6@chicagotribune.com,Female,201.1.251.236
764,Hazel,Swatradge,hswatradgel7@cdbaby.com,Female,37.96.147.82
765,Asia,Challens,achallensl8@deviantart.com,Female,79.185.184.47
766,Doy,Hellard,dhellardl9@digg.com,Male,68.66.26.228
767,Selby,Guilbert,sguilbertla@ehow.com,Male,143.203.253.9
768,Lay,Twycross,ltwycrosslb@devhub.com,Male,125.239.145.185
769,Cassie,Kohlerman,ckohlermanlc@tumblr.com,Male,174.70.20.216
770,Emmett,Souley,esouleyld@si.edu,Male,133.131.239.254
771,Lew,Old,loldle@nature.com,Male,233.149.171.198
772,James,O'Neill,joneilllf@ebay.com,Male,203.114.106.121
773,Teddy,Biglin,tbiglinlg@shutterfly.com,Agender,89.125.231.125
774,Winny,Creighton,wcreightonlh@quantcast.com,Male,56.114.240.56
775,Siffre,Eilles,seillesli@cam.ac.uk,Polygender,235.236.73.212
776,Adrian,O'Scully,aoscullylj@stanford.edu,Female,133.192.98.105
777,Karlens,Lampens,klampenslk@bravesites.com,Male,18.164.52.32
778,Pernell,Lis,plisll@oakley.com,Male,70.184.212.52
779,Lockwood,Basso,lbassolm@boston.com,Male,22.73.238.57
780,Paolina,Ibbs,pibbsln@google.es,Female,215.41.18.149
781,Mellisa,Campana,mcampanalo@telegraph.co.uk,Female,142.232.44.15
782,Chris,Cansdall,ccansdalllp@google.de,Female,211.58.229.79
783,Berrie,Ramsbotham,bramsbothamlq@netlog.com,Female,188.213.95.125
784,Stevie,Blofeld,sblofeldlr@samsung.com,Male,130.126.51.223
785,Bernice,Leahy,bleahyls@zimbio.com,Female,98.250.217.222
786,Marline,Betty,mbettylt@naver.com,Female,191.17.86.140
787,Sheffield,Bottomley,sbottomleylu@baidu.com,Male,204.236.220.151
788,Wally,Bredee,wbredeelv@privacy.gov.au,Female,80.173.58.120
789,Tony,Cortin,tcortinlw@constantcontact.com,Male,15.31.35.108
790,Abbie,Hedingham,ahedinghamlx@pagesperso-orange.fr,Female,94.173.160.108
791,Ford,Hynd,fhyndly@1688.com,Male,88.95.90.244
792,Avie,Di Boldi,adiboldilz@google.it,Female,65.147.73.86
793,Staffard,Tomlin,stomlinm0@census.gov,Male,98.208.12.175
794,Hobart,Vannikov,hvannikovm1@parallels.com,Male,118.138.219.0
795,Royce,Sutherel,rsutherelm2@com.com,Male,211.130.172.11
796,Mahala,Filinkov,mfilinkovm3@blog.com,Bigender,186.207.7.251
797,Lindsay,Mengue,lmenguem4@moonfruit.com,Male,197.163.33.242
798,Chantalle,Epple,cepplem5@columbia.edu,Female,250.64.45.97
799,Jolene,Deeth,jdeethm6@engadget.com,Female,175.81.51.131
800,Alon,Mc Faul,amcfaulm7@1688.com,Male,225.245.125.223
801,Olympe,Crayk,ocraykm8@oracle.com,Female,74.139.192.158
802,Cris,Sabben,csabbenm9@indiatimes.com,Genderfluid,239.127.55.173
803,Antonino,Cattermoul,acattermoulma@home.pl,Male,17.146.113.122
804,Sibby,Thewlis,sthewlismb@imageshack.us,Female,113.100.205.48
805,Mala,Ornils,mornilsmc@columbia.edu,Female,119.69.119.101
806,Jarvis,Bohlens,jbohlensmd@timesonline.co.uk,Male,77.128.145.58
807,Grover,Ludlem,gludlemme@ow.ly,Male,33.28.249.64
808,Rorke,Abdy,rabdymf@over-blog.com,Male,73.230.210.163
809,Janie,Bugbee,jbugbeemg@techcrunch.com,Female,203.96.31.192
810,Erinna,Bruggeman,ebruggemanmh@engadget.com,Female,166.213.231.228
811,Cori,Insko,cinskomi@51.la,Female,161.213.222.218
812,Leela,Bidewell,lbidewellmj@cbsnews.com,Female,17.104.172.217
813,Ive,Snalum,isnalummk@weibo.com,Male,222.249.232.177
814,Kirsten,Bickardike,kbickardikeml@pcworld.com,Female,83.107.209.239
815,Arlyn,Livesley,alivesleymm@histats.com,Female,160.29.119.215
816,Kalle,Currum,kcurrummn@chron.com,Male,211.120.185.226
817,Rodge,Keddle,rkeddlemo@youtu.be,Male,121.179.44.15
818,Athene,Paterson,apatersonmp@chronoengine.com,Female,32.24.164.194
819,Alexio,MacSharry,amacsharrymq@mashable.com,Agender,154.64.209.136
820,Lurlene,Ketteman,lkettemanmr@wordpress.org,Female,41.8.4.61
821,Rhodie,Barraclough,rbarracloughms@woothemes.com,Female,74.43.52.99
822,Myrah,Nettle,mnettlemt@t.co,Female,56.226.126.138
823,Clayborne,Paulus,cpaulusmu@reuters.com,Polygender,248.24.252.21
824,Vince,Labadini,vlabadinimv@archive.org,Male,97.187.20.141
825,Carlie,Heinish,cheinishmw@ibm.com,Male,121.65.113.184
826,Lawrence,Greenier,lgreeniermx@multiply.com,Male,241.23.37.191
827,Brigid,Plant,bplantmy@qq.com,Female,127.169.193.76
828,Reinhold,Izzett,rizzettmz@bizjournals.com,Male,12.79.74.240
829,Lonna,Giorgione,lgiorgionen0@paypal.com,Agender,65.94.251.231
830,Quentin,Collelton,qcolleltonn1@oakley.com,Female,93.61.210.59
831,Kylie,Yanne,kyannen2@bigcartel.com,Male,188.52.65.34
832,Stacy,Mellings,smellingsn3@surveymonkey.com,Male,88.67.207.104
833,Meriel,Minett,mminettn4@loc.gov,Female,136.35.228.203
834,Verla,Fernanando,vfernanandon5@twitpic.com,Female,255.226.223.243
835,Adore,Derkes,aderkesn6@ameblo.jp,Female,233.217.163.97
836,Tedi,O'Lagen,tolagenn7@uiuc.edu,Female,48.152.224.96
837,Hettie,Cosser,hcossern8@cnbc.com,Genderfluid,229.7.84.79
838,Irwin,Vuitton,ivuittonn9@blinklist.com,Male,160.225.23.80
839,Ajay,Wiggans,awiggansna@icio.us,Female,0.146.4.226
840,Pauli,Dearnaly,pdearnalynb@chron.com,Female,255.57.122.194
841,Mirelle,Horley,mhorleync@youku.com,Female,224.132.105.87
842,Modestine,Dickons,mdickonsnd@bandcamp.com,Polygender,172.201.131.130
843,Kelsy,Saunper,ksaunperne@nba.com,Female,31.130.244.49
844,Nona,Farry,nfarrynf@woothemes.com,Female,180.203.70.98
845,Naoma,Fitzharris,nfitzharrisng@howstuffworks.com,Female,251.113.60.208
846,Wake,Evered,weverednh@squarespace.com,Male,19.161.202.253
847,Lem,Halms,lhalmsni@goo.ne.jp,Male,66.181.95.23
848,Clarice,Bradick,cbradicknj@theatlantic.com,Female,209.98.1.253
849,Harlen,Eudall,heudallnk@businesswire.com,Male,199.74.196.39
850,Brana,Houdmont,bhoudmontnl@hugedomains.com,Female,34.217.143.236
851,Vachel,Kleinsmuntz,vkleinsmuntznm@narod.ru,Male,154.161.131.87
852,Catherina,Hessel,chesselnn@reverbnation.com,Female,6.245.1.183
853,Fransisco,Pinhorn,fpinhornno@tripod.com,Male,62.71.12.169
854,Linoel,Pierro,lpierronp@github.com,Male,113.74.177.58
855,Ailsun,Goligly,agoliglynq@telegraph.co.uk,Female,117.8.90.32
856,Mikael,Dawkins,mdawkinsnr@geocities.com,Male,122.6.223.145
857,Debby,Eland,delandns@t-online.de,Female,231.54.199.3
858,Quentin,Wavell,qwavellnt@so-net.ne.jp,Female,232.134.33.2
859,Dominique,Biglin,dbiglinnu@nymag.com,Female,202.104.63.245
860,Margaretta,Severwright,mseverwrightnv@gizmodo.com,Bigender,70.55.191.19
861,Burke,Bennison,bbennisonnw@europa.eu,Bigender,217.143.90.221
862,Edward,MacConchie,emacconchienx@wp.com,Male,86.56.238.242
863,Windham,Goskar,wgoskarny@nsw.gov.au,Male,187.161.116.34
864,Claretta,Tschiersch,ctschierschnz@reuters.com,Female,152.92.226.36
865,Zaria,Verbrugghen,zverbruggheno0@ocn.ne.jp,Female,208.244.118.22
866,Julius,Neward,jnewardo1@fda.gov,Male,203.54.221.78
867,Annadiane,Jirousek,ajirouseko2@angelfire.com,Female,180.142.102.44
868,Cacilie,Guerrero,cguerreroo3@gizmodo.com,Female,253.183.17.89
869,Angelina,Croy,acroyo4@constantcontact.com,Female,5.23.192.214
870,Isacco,Levet,ileveto5@sohu.com,Male,152.76.135.17
871,Ugo,Kalinsky,ukalinskyo6@narod.ru,Bigender,17.252.157.72
872,Jacob,Bautiste,jbautisteo7@bing.com,Male,128.94.13.24
873,Alvin,Berecloth,abereclotho8@yolasite.com,Male,136.140.248.9
874,Maribeth,Norman,mnormano9@state.gov,Female,80.27.215.13
875,Car,Briand,cbriandoa@newyorker.com,Male,111.104.209.122
876,Arturo,Petruk,apetrukob@businesswire.com,Genderqueer,213.187.134.141
877,Rebecca,Bow,rbowoc@fc2.com,Genderfluid,245.5.180.33
878,Valli,Kindall,vkindallod@dion.ne.jp,Female,79.205.126.4
879,Edouard,Suttling,esuttlingoe@senate.gov,Male,70.38.175.176
880,Brett,Richardsson,brichardssonof@is.gd,Male,90.148.123.182
881,Quintus,Mulloch,qmullochog@fastcompany.com,Male,224.170.63.162
882,Adriena,Shallow,ashallowoh@biglobe.ne.jp,Female,67.91.53.144
883,Konstantine,Whiskin,kwhiskinoi@shutterfly.com,Male,48.75.205.223
884,Van,Trunchion,vtrunchionoj@msu.edu,Male,221.101.226.203
885,Gilberto,Ledgerton,gledgertonok@icio.us,Male,42.157.163.104
886,Stevie,MacQuarrie,smacquarrieol@virginia.edu,Male,203.9.56.89
887,Janek,Sweett,jsweettom@amazon.co.uk,Genderqueer,177.127.139.250
888,Humbert,McBrier,hmcbrieron@pbs.org,Male,252.6.35.44
889,Kimball,Staig,kstaigoo@jalbum.net,Agender,103.175.86.190
890,Shawna,Deluca,sdelucaop@people.com.cn,Female,186.209.8.143
891,Towny,Nichols,tnicholsoq@odnoklassniki.ru,Genderfluid,51.33.123.99
892,Hayes,Dobie,hdobieor@aol.com,Bigender,34.24.159.6
893,Livvy,Witch,lwitchos@techcrunch.com,Female,17.58.114.100
894,Gifford,Loudwell,gloudwellot@youtube.com,Male,119.171.165.56
895,Emalia,Keller,ekellerou@webeden.co.uk,Female,143.63.142.75
896,Raimondo,Garvey,rgarveyov@discuz.net,Male,56.142.64.65
897,Valaria,Jervois,vjervoisow@photobucket.com,Female,40.220.152.115
898,Erie,Gummoe,egummoeox@topsy.com,Male,29.72.85.43
899,Gris,Neaves,gneavesoy@mapy.cz,Male,177.137.60.12
900,Zorine,Venmore,zvenmoreoz@npr.org,Genderfluid,191.63.53.180
901,Inessa,MacFarlane,imacfarlanep0@biblegateway.com,Female,138.64.153.5
902,Ursuline,Itzkin,uitzkinp1@gravatar.com,Female,21.110.225.54
903,Torrie,Chipchase,tchipchasep2@netscape.com,Genderqueer,181.154.169.83
904,Margarethe,Maccree,mmaccreep3@soup.io,Agender,240.74.116.242
905,Adora,Son,asonp4@skyrock.com,Female,251.184.97.222
906,Earvin,Hubberstey,ehubbersteyp5@skyrock.com,Male,117.213.9.190
907,Annissa,Castanaga,acastanagap6@phoca.cz,Female,251.31.26.91
908,Drugi,Covotto,dcovottop7@marriott.com,Male,81.156.116.130
909,Juditha,McKerrow,jmckerrowp8@telegraph.co.uk,Female,101.196.15.6
910,Rivy,Spincks,rspincksp9@deliciousdays.com,Female,202.211.105.124
911,Nichole,Ratke,nratkepa@bigcartel.com,Male,99.9.117.41
912,Lynnett,Physic,lphysicpb@unblog.fr,Non-binary,139.177.179.75
913,Nona,Spanswick,nspanswickpc@live.com,Genderqueer,88.53.183.148
914,Thibaut,Van Merwe,tvanmerwepd@state.gov,Male,53.110.103.86
915,Estevan,Cometto,ecomettope@earthlink.net,Male,240.93.116.128
916,Shay,Gosnall,sgosnallpf@usatoday.com,Male,157.238.38.123
917,Dulcea,Terron,dterronpg@multiply.com,Female,80.70.65.180
918,Joly,Woodland,jwoodlandph@webmd.com,Genderfluid,126.33.227.136
919,Grantham,Choules,gchoulespi@fotki.com,Male,244.99.185.101
920,Bond,Peaker,bpeakerpj@360.cn,Male,1.169.189.13
921,Isac,Sprason,isprasonpk@skyrock.com,Male,128.65.55.14
922,Tommy,Barton,tbartonpl@about.com,Male,27.142.166.21
923,Shara,Rigolle,srigollepm@networkadvertising.org,Female,193.131.29.132
924,Barnett,Olenichev,bolenichevpn@free.fr,Male,250.239.40.89
925,Lynelle,Bampkin,lbampkinpo@tamu.edu,Female,126.109.2.100
926,Lazar,Battelle,lbattellepp@e-recht24.de,Male,166.236.155.7
927,Etta,Jays,ejayspq@webmd.com,Female,27.9.43.69
928,Karry,Pulsford,kpulsfordpr@economist.com,Female,158.194.147.204
929,Ave,Dunkerk,adunkerkps@discuz.net,Male,83.210.93.27
930,Rene,Charlin,rcharlinpt@mediafire.com,Female,137.202.21.198
931,Anet,Boschmann,aboschmannpu@house.gov,Female,72.135.110.75
932,Kathlin,Applewhaite,kapplewhaitepv@smh.com.au,Female,155.42.250.150
933,Otes,Bricksey,obrickseypw@sfgate.com,Male,54.125.236.136
934,Mortimer,Tsarovic,mtsarovicpx@com.com,Male,117.242.176.131
935,Lazare,Jutson,ljutsonpy@whitehouse.gov,Male,38.209.232.204
936,Juliane,Gainfort,jgainfortpz@howstuffworks.com,Female,250.230.65.17
937,Belva,Wasselin,bwasselinq0@ihg.com,Female,91.89.43.229
938,Karin,Poppleton,kpoppletonq1@craigslist.org,Female,13.89.142.153
939,Palmer,Gaze,pgazeq2@bluehost.com,Male,240.162.217.168
940,Arielle,Henricsson,ahenricssonq3@walmart.com,Female,130.79.252.5
941,Maribeth,Rock,mrockq4@oaic.gov.au,Female,163.236.249.4
942,Mandel,Kenewell,mkenewellq5@desdev.cn,Male,16.245.145.178
943,Ogdan,Tinman,otinmanq6@blogspot.com,Genderfluid,138.159.4.108
944,Thorpe,Iglesia,tiglesiaq7@discuz.net,Male,87.138.33.197
945,Luke,Correa,lcorreaq8@wordpress.org,Male,11.77.111.82
946,Enrique,Nuschke,enuschkeq9@tuttocitta.it,Male,71.232.95.47
947,Danit,Catto,dcattoqa@yahoo.com,Female,56.82.250.227
948,Kyla,Benezeit,kbenezeitqb@mac.com,Female,183.176.188.165
949,Arabel,Seston,asestonqc@economist.com,Female,155.11.171.39
950,Correna,Yushankin,cyushankinqd@geocities.jp,Female,88.248.143.105
951,Marilyn,Bott,mbottqe@unblog.fr,Non-binary,7.168.88.62
952,Philbert,Earl,pearlqf@java.com,Polygender,228.94.86.78
953,Darin,Willbond,dwillbondqg@i2i.jp,Male,255.78.43.189
954,Brett,Lilburne,blilburneqh@bing.com,Male,58.36.139.118
955,Manda,Snare,msnareqi@dedecms.com,Female,165.115.253.25
956,Damon,Decker,ddeckerqj@paginegialle.it,Male,145.148.145.80
957,Gray,Simenon,gsimenonqk@furl.net,Genderfluid,218.49.139.115
958,Nadean,Rollason,nrollasonql@mayoclinic.com,Female,177.178.171.4
959,William,Wintringham,wwintringhamqm@fda.gov,Male,28.34.36.116
960,Silvia,Sealy,ssealyqn@scientificamerican.com,Female,36.123.180.187
961,Francklyn,Callicott,fcallicottqo@sina.com.cn,Male,76.97.116.149
962,Beatrisa,Donnersberg,bdonnersbergqp@army.mil,Female,39.41.17.85
963,Ruthy,Hourigan,rhouriganqq@prlog.org,Female,229.68.240.132
964,Enrico,Geaves,egeavesqr@quantcast.com,Male,71.56.50.30
965,Cecilia,Mille,cmilleqs@php.net,Female,108.184.126.98
966,Maryl,Eaves,meavesqt@businesswire.com,Female,52.185.168.206
967,Eadie,Doust,edoustqu@pbs.org,Female,187.205.114.206
968,Rakel,Trickey,rtrickeyqv@hexun.com,Female,194.91.232.155
969,Dru,Risso,drissoqw@is.gd,Female,22.222.214.249
970,Gilburt,Bartoli,gbartoliqx@diigo.com,Male,165.72.52.165
971,Filip,Kienl,fkienlqy@deviantart.com,Male,241.23.28.173
972,Meyer,Bolino,mbolinoqz@ted.com,Male,196.130.8.228
973,Annis,Dicke,adicker0@si.edu,Female,174.130.125.32
974,Donella,Tenman,dtenmanr1@sciencedaily.com,Female,185.76.231.56
975,Christin,Kingsley,ckingsleyr2@over-blog.com,Female,121.184.106.135
976,Jacinda,Boni,jbonir3@rediff.com,Female,141.41.120.209
977,Dallis,Dilrew,ddilrewr4@un.org,Genderfluid,52.54.195.15
978,Kalil,Von Oertzen,kvonoertzenr5@nih.gov,Male,151.33.61.11
979,Hilliard,Gyenes,hgyenesr6@blogger.com,Male,207.143.164.105
980,Carlyn,Kowalik,ckowalikr7@blogtalkradio.com,Female,54.171.233.88
981,Gabbi,McVeagh,gmcveaghr8@intel.com,Female,40.90.18.247
982,Melva,Scougal,mscougalr9@rediff.com,Female,107.209.181.10
983,Alexio,Handmore,ahandmorera@goo.gl,Male,186.120.135.252
984,Korella,Brundale,kbrundalerb@timesonline.co.uk,Female,162.146.184.42
985,Quintilla,Durdle,qdurdlerc@army.mil,Female,162.21.223.217
986,Roldan,Gardener,rgardenerrd@msn.com,Male,60.131.63.244
987,Jobye,Treleven,jtrelevenre@redcross.org,Female,240.116.96.172
988,Quill,Aldersley,qaldersleyrf@adobe.com,Male,179.130.175.116
989,Harper,Kiraly,hkiralyrg@vkontakte.ru,Male,212.187.7.83
990,Gilbertine,Readett,greadettrh@wiley.com,Female,227.25.70.31
991,Agustin,Raspin,araspinri@cdc.gov,Polygender,112.165.161.250
992,Urbano,Harroll,uharrollrj@hc360.com,Male,19.233.230.188
993,Dar,Bickardike,dbickardikerk@g.co,Male,160.153.196.98
994,Marcellus,Guys,mguysrl@nydailynews.com,Male,71.42.254.243
995,Lynnet,Pybworth,lpybworthrm@ed.gov,Female,180.84.37.132
996,Lucine,Trewhitt,ltrewhittrn@wikipedia.org,Female,145.239.141.41
997,Cherise,Gounod,cgounodro@pagesperso-orange.fr,Female,111.54.81.247
998,Shannan,McAndrew,smcandrewrp@bluehost.com,Male,3.184.60.88
999,Nora,Luty,nlutyrq@wikimedia.org,Female,225.147.200.50
1000,Vina,Wake,vwakerr@goo.gl,Female,139.201.137.93
